-- MariaDB dump 10.19  Distrib 10.4.24-MariaDB, for Win64 (AMD64)
--
-- Host: localhost    Database: gestionepresentazioniprogetti
-- ------------------------------------------------------
-- Server version	10.4.24-MariaDB

/*!40101 SET @OLD_CHARACTER_SET_CLIENT=@@CHARACTER_SET_CLIENT */;
/*!40101 SET @OLD_CHARACTER_SET_RESULTS=@@CHARACTER_SET_RESULTS */;
/*!40101 SET @OLD_COLLATION_CONNECTION=@@COLLATION_CONNECTION */;
/*!40101 SET NAMES utf8 */;
/*!40103 SET @OLD_TIME_ZONE=@@TIME_ZONE */;
/*!40103 SET TIME_ZONE='+00:00' */;
/*!40014 SET @OLD_UNIQUE_CHECKS=@@UNIQUE_CHECKS, UNIQUE_CHECKS=0 */;
/*!40014 SET @OLD_FOREIGN_KEY_CHECKS=@@FOREIGN_KEY_CHECKS, FOREIGN_KEY_CHECKS=0 */;
/*!40101 SET @OLD_SQL_MODE=@@SQL_MODE, SQL_MODE='NO_AUTO_VALUE_ON_ZERO' */;
/*!40111 SET @OLD_SQL_NOTES=@@SQL_NOTES, SQL_NOTES=0 */;

--
-- Table structure for table `allievo`
--

DROP TABLE IF EXISTS `allievo`;
/*!40101 SET @saved_cs_client     = @@character_set_client */;
/*!40101 SET character_set_client = utf8 */;
CREATE TABLE `allievo` (
  `id` int(11) NOT NULL AUTO_INCREMENT,
  `nome` varchar(50) NOT NULL,
  `cognome` varchar(50) NOT NULL,
  `email` varchar(45) NOT NULL,
  PRIMARY KEY (`id`)
) ENGINE=InnoDB AUTO_INCREMENT=4 DEFAULT CHARSET=utf8mb4;
/*!40101 SET character_set_client = @saved_cs_client */;

--
-- Dumping data for table `allievo`
--

LOCK TABLES `allievo` WRITE;
/*!40000 ALTER TABLE `allievo` DISABLE KEYS */;
INSERT INTO `allievo` VALUES (1,'Michea','Clautti','mic@colautti.com'),(2,'Nadia','Fasani','mail@example.ch'),(3,'Erik','Pelloni','mail@example.ch');
/*!40000 ALTER TABLE `allievo` ENABLE KEYS */;
UNLOCK TABLES;

--
-- Table structure for table `allievoclasseanno`
--

DROP TABLE IF EXISTS `allievoclasseanno`;
/*!40101 SET @saved_cs_client     = @@character_set_client */;
/*!40101 SET character_set_client = utf8 */;
CREATE TABLE `allievoclasseanno` (
  `id` int(11) NOT NULL AUTO_INCREMENT,
  `allievoId` int(11) NOT NULL,
  `classeId` int(11) NOT NULL,
  `annoId` int(11) NOT NULL,
  PRIMARY KEY (`id`),
  KEY `allievoId` (`allievoId`),
  KEY `classeId` (`classeId`),
  KEY `annoId` (`annoId`),
  CONSTRAINT `allievoclasseanno_ibfk_1` FOREIGN KEY (`allievoId`) REFERENCES `allievo` (`id`),
  CONSTRAINT `allievoclasseanno_ibfk_2` FOREIGN KEY (`classeId`) REFERENCES `classe` (`id`),
  CONSTRAINT `allievoclasseanno_ibfk_3` FOREIGN KEY (`annoId`) REFERENCES `anno` (`id`)
) ENGINE=InnoDB AUTO_INCREMENT=4 DEFAULT CHARSET=utf8mb4;
/*!40101 SET character_set_client = @saved_cs_client */;

--
-- Dumping data for table `allievoclasseanno`
--

LOCK TABLES `allievoclasseanno` WRITE;
/*!40000 ALTER TABLE `allievoclasseanno` DISABLE KEYS */;
INSERT INTO `allievoclasseanno` VALUES (1,1,1,1),(2,2,1,1),(3,3,2,1);
/*!40000 ALTER TABLE `allievoclasseanno` ENABLE KEYS */;
UNLOCK TABLES;

--
-- Table structure for table `anno`
--

DROP TABLE IF EXISTS `anno`;
/*!40101 SET @saved_cs_client     = @@character_set_client */;
/*!40101 SET character_set_client = utf8 */;
CREATE TABLE `anno` (
  `id` int(3) NOT NULL AUTO_INCREMENT,
  `nome` varchar(10) NOT NULL,
  PRIMARY KEY (`id`)
) ENGINE=InnoDB AUTO_INCREMENT=2 DEFAULT CHARSET=utf8mb4;
/*!40101 SET character_set_client = @saved_cs_client */;

--
-- Dumping data for table `anno`
--

LOCK TABLES `anno` WRITE;
/*!40000 ALTER TABLE `anno` DISABLE KEYS */;
INSERT INTO `anno` VALUES (1,'2022/2023');
/*!40000 ALTER TABLE `anno` ENABLE KEYS */;
UNLOCK TABLES;

--
-- Table structure for table `approva`
--

DROP TABLE IF EXISTS `approva`;
/*!40101 SET @saved_cs_client     = @@character_set_client */;
/*!40101 SET character_set_client = utf8 */;
CREATE TABLE `approva` (
  `id` int(11) NOT NULL AUTO_INCREMENT,
  `docenteId` int(11) NOT NULL,
  `pianificazioneId` int(11) NOT NULL,
  `approvata` tinyint(4) NOT NULL,
  `motivazione` varchar(45) DEFAULT NULL,
  PRIMARY KEY (`id`),
  KEY `pianificazioneId` (`pianificazioneId`),
  KEY `docenteId` (`docenteId`),
  CONSTRAINT `approva_ibfk_1` FOREIGN KEY (`pianificazioneId`) REFERENCES `pianificazione` (`id`),
  CONSTRAINT `approva_ibfk_2` FOREIGN KEY (`docenteId`) REFERENCES `docente` (`id`)
) ENGINE=InnoDB DEFAULT CHARSET=utf8mb4;
/*!40101 SET character_set_client = @saved_cs_client */;

--
-- Dumping data for table `approva`
--

LOCK TABLES `approva` WRITE;
/*!40000 ALTER TABLE `approva` DISABLE KEYS */;
/*!40000 ALTER TABLE `approva` ENABLE KEYS */;
UNLOCK TABLES;

--
-- Table structure for table `aula`
--

DROP TABLE IF EXISTS `aula`;
/*!40101 SET @saved_cs_client     = @@character_set_client */;
/*!40101 SET character_set_client = utf8 */;
CREATE TABLE `aula` (
  `id` int(11) NOT NULL AUTO_INCREMENT,
  `WIFI` tinyint(4) NOT NULL,
  `nome` varchar(5) NOT NULL,
  PRIMARY KEY (`id`)
) ENGINE=InnoDB AUTO_INCREMENT=2 DEFAULT CHARSET=utf8mb4;
/*!40101 SET character_set_client = @saved_cs_client */;

--
-- Dumping data for table `aula`
--

LOCK TABLES `aula` WRITE;
/*!40000 ALTER TABLE `aula` DISABLE KEYS */;
INSERT INTO `aula` VALUES (1,1,'427');
/*!40000 ALTER TABLE `aula` ENABLE KEYS */;
UNLOCK TABLES;

--
-- Table structure for table `classe`
--

DROP TABLE IF EXISTS `classe`;
/*!40101 SET @saved_cs_client     = @@character_set_client */;
/*!40101 SET character_set_client = utf8 */;
CREATE TABLE `classe` (
  `id` int(11) NOT NULL AUTO_INCREMENT,
  `nome` varchar(10) NOT NULL,
  PRIMARY KEY (`id`)
) ENGINE=InnoDB AUTO_INCREMENT=3 DEFAULT CHARSET=utf8mb4;
/*!40101 SET character_set_client = @saved_cs_client */;

--
-- Dumping data for table `classe`
--

LOCK TABLES `classe` WRITE;
/*!40000 ALTER TABLE `classe` DISABLE KEYS */;
INSERT INTO `classe` VALUES (1,'I4AA'),(2,'I4AC');
/*!40000 ALTER TABLE `classe` ENABLE KEYS */;
UNLOCK TABLES;

--
-- Table structure for table `docente`
--

DROP TABLE IF EXISTS `docente`;
/*!40101 SET @saved_cs_client     = @@character_set_client */;
/*!40101 SET character_set_client = utf8 */;
CREATE TABLE `docente` (
  `id` int(11) NOT NULL AUTO_INCREMENT,
  `nome` varchar(45) NOT NULL,
  `cognome` varchar(45) NOT NULL,
  `email` varchar(45) NOT NULL,
  PRIMARY KEY (`id`)
) ENGINE=InnoDB AUTO_INCREMENT=5 DEFAULT CHARSET=utf8mb4;
/*!40101 SET character_set_client = @saved_cs_client */;

--
-- Dumping data for table `docente`
--

LOCK TABLES `docente` WRITE;
/*!40000 ALTER TABLE `docente` DISABLE KEYS */;
INSERT INTO `docente` VALUES (1,'Guido','Montalbetti','mail@example.ch'),(2,'Fabio','Piccioni','mail@example.ch'),(3,'Micheal','Palucci','mail@example.ch'),(4,'Luca','Muggiasca','mail@example.ch');
/*!40000 ALTER TABLE `docente` ENABLE KEYS */;
UNLOCK TABLES;

--
-- Table structure for table `impegniallievo`
--

DROP TABLE IF EXISTS `impegniallievo`;
/*!40101 SET @saved_cs_client     = @@character_set_client */;
/*!40101 SET character_set_client = utf8 */;
CREATE TABLE `impegniallievo` (
  `ID` int(11) NOT NULL AUTO_INCREMENT,
  `inizio` datetime NOT NULL,
  `fine` datetime NOT NULL,
  `allievoId` int(11) NOT NULL,
  PRIMARY KEY (`ID`,`inizio`,`fine`),
  KEY `allievoId` (`allievoId`),
  CONSTRAINT `impegniallievo_ibfk_1` FOREIGN KEY (`allievoId`) REFERENCES `allievo` (`id`)
) ENGINE=InnoDB DEFAULT CHARSET=utf8mb4;
/*!40101 SET character_set_client = @saved_cs_client */;

--
-- Dumping data for table `impegniallievo`
--

LOCK TABLES `impegniallievo` WRITE;
/*!40000 ALTER TABLE `impegniallievo` DISABLE KEYS */;
/*!40000 ALTER TABLE `impegniallievo` ENABLE KEYS */;
UNLOCK TABLES;

--
-- Table structure for table `login`
--

DROP TABLE IF EXISTS `login`;
/*!40101 SET @saved_cs_client     = @@character_set_client */;
/*!40101 SET character_set_client = utf8 */;
CREATE TABLE `login` (
  `id` int(11) NOT NULL AUTO_INCREMENT,
  `username` varchar(45) NOT NULL,
  `password` text NOT NULL,
  PRIMARY KEY (`id`)
) ENGINE=InnoDB AUTO_INCREMENT=2 DEFAULT CHARSET=utf8mb4;
/*!40101 SET character_set_client = @saved_cs_client */;

--
-- Dumping data for table `login`
--

LOCK TABLES `login` WRITE;
/*!40000 ALTER TABLE `login` DISABLE KEYS */;
INSERT INTO `login` VALUES (1,'root','4813494d137e1631bba301d5acab6e7bb7aa74ce1185d456565ef51d737677b2');
/*!40000 ALTER TABLE `login` ENABLE KEYS */;
UNLOCK TABLES;

--
-- Table structure for table `orariprogettiaula`
--

DROP TABLE IF EXISTS `orariprogettiaula`;
/*!40101 SET @saved_cs_client     = @@character_set_client */;
/*!40101 SET character_set_client = utf8 */;
CREATE TABLE `orariprogettiaula` (
  `id` int(11) NOT NULL AUTO_INCREMENT,
  `inizio` datetime NOT NULL,
  `fine` datetime NOT NULL,
  `aulaId` int(11) NOT NULL,
  PRIMARY KEY (`id`),
  KEY `aulaId` (`aulaId`),
  CONSTRAINT `orariprogettiaula_ibfk_1` FOREIGN KEY (`aulaId`) REFERENCES `aula` (`id`)
) ENGINE=InnoDB AUTO_INCREMENT=79 DEFAULT CHARSET=utf8mb4;
/*!40101 SET character_set_client = @saved_cs_client */;

--
-- Dumping data for table `orariprogettiaula`
--

LOCK TABLES `orariprogettiaula` WRITE;
/*!40000 ALTER TABLE `orariprogettiaula` DISABLE KEYS */;
INSERT INTO `orariprogettiaula` VALUES (1,'2023-06-06 08:20:00','2023-06-06 09:05:00',1),(2,'2023-06-13 08:20:00','2023-06-13 09:05:00',1),(3,'2023-06-20 08:20:00','2023-06-20 09:05:00',1),(4,'2023-06-08 08:20:00','2023-06-08 09:05:00',1),(5,'2023-06-15 08:20:00','2023-06-15 09:05:00',1),(6,'2023-06-02 08:20:00','2023-06-02 09:05:00',1),(7,'2023-06-09 08:20:00','2023-06-09 09:05:00',1),(8,'2023-06-16 08:20:00','2023-06-16 09:05:00',1),(9,'2023-06-05 09:05:00','2023-06-05 10:05:00',1),(10,'2023-06-12 09:05:00','2023-06-12 10:05:00',1),(11,'2023-06-19 09:05:00','2023-06-19 10:05:00',1),(12,'2023-06-06 09:05:00','2023-06-06 10:05:00',1),(13,'2023-06-13 09:05:00','2023-06-13 10:05:00',1),(14,'2023-06-20 09:05:00','2023-06-20 10:05:00',1),(15,'2023-06-07 09:05:00','2023-06-07 10:05:00',1),(16,'2023-06-14 09:05:00','2023-06-14 10:05:00',1),(17,'2023-06-08 09:05:00','2023-06-08 10:05:00',1),(18,'2023-06-15 09:05:00','2023-06-15 10:05:00',1),(19,'2023-06-02 09:05:00','2023-06-02 10:05:00',1),(20,'2023-06-09 09:05:00','2023-06-09 10:05:00',1),(21,'2023-06-16 09:05:00','2023-06-16 10:05:00',1),(22,'2023-06-05 10:05:00','2023-06-05 10:50:00',1),(23,'2023-06-12 10:05:00','2023-06-12 10:50:00',1),(24,'2023-06-19 10:05:00','2023-06-19 10:50:00',1),(25,'2023-06-06 10:05:00','2023-06-06 10:50:00',1),(26,'2023-06-13 10:05:00','2023-06-13 10:50:00',1),(27,'2023-06-20 10:05:00','2023-06-20 10:50:00',1),(28,'2023-06-07 10:05:00','2023-06-07 10:50:00',1),(29,'2023-06-14 10:05:00','2023-06-14 10:50:00',1),(30,'2023-06-08 10:05:00','2023-06-08 10:50:00',1),(31,'2023-06-15 10:05:00','2023-06-15 10:50:00',1),(32,'2023-06-02 10:05:00','2023-06-02 10:50:00',1),(33,'2023-06-09 10:05:00','2023-06-09 10:50:00',1),(34,'2023-06-16 10:05:00','2023-06-16 10:50:00',1),(35,'2023-06-05 10:50:00','2023-06-05 11:35:00',1),(36,'2023-06-12 10:50:00','2023-06-12 11:35:00',1),(37,'2023-06-19 10:50:00','2023-06-19 11:35:00',1),(38,'2023-06-06 10:50:00','2023-06-06 11:35:00',1),(39,'2023-06-13 10:50:00','2023-06-13 11:35:00',1),(40,'2023-06-20 10:50:00','2023-06-20 11:35:00',1),(41,'2023-06-07 10:50:00','2023-06-07 11:35:00',1),(42,'2023-06-14 10:50:00','2023-06-14 11:35:00',1),(43,'2023-06-08 10:50:00','2023-06-08 11:35:00',1),(44,'2023-06-15 10:50:00','2023-06-15 11:35:00',1),(45,'2023-06-02 10:50:00','2023-06-02 11:35:00',1),(46,'2023-06-09 10:50:00','2023-06-09 11:35:00',1),(47,'2023-06-16 10:50:00','2023-06-16 11:35:00',1),(48,'2023-06-05 11:35:00','2023-06-05 12:30:00',1),(49,'2023-06-12 11:35:00','2023-06-12 12:30:00',1),(50,'2023-06-19 11:35:00','2023-06-19 12:30:00',1),(51,'2023-06-07 11:35:00','2023-06-07 12:30:00',1),(52,'2023-06-14 11:35:00','2023-06-14 12:30:00',1),(53,'2023-06-02 12:30:00','2023-06-02 13:15:00',1),(54,'2023-06-09 12:30:00','2023-06-09 13:15:00',1),(55,'2023-06-16 12:30:00','2023-06-16 13:15:00',1),(56,'2023-06-05 13:15:00','2023-06-05 14:00:00',1),(57,'2023-06-12 13:15:00','2023-06-12 14:00:00',1),(58,'2023-06-19 13:15:00','2023-06-19 14:00:00',1),(59,'2023-06-07 13:15:00','2023-06-07 14:00:00',1),(60,'2023-06-14 13:15:00','2023-06-14 14:00:00',1),(61,'2023-06-02 13:15:00','2023-06-02 14:00:00',1),(62,'2023-06-09 13:15:00','2023-06-09 14:00:00',1),(63,'2023-06-16 13:15:00','2023-06-16 14:00:00',1),(64,'2023-06-05 14:00:00','2023-06-05 15:00:00',1),(65,'2023-06-12 14:00:00','2023-06-12 15:00:00',1),(66,'2023-06-19 14:00:00','2023-06-19 15:00:00',1),(67,'2023-06-07 14:00:00','2023-06-07 15:00:00',1),(68,'2023-06-14 14:00:00','2023-06-14 15:00:00',1),(69,'2023-06-05 15:00:00','2023-06-05 15:45:00',1),(70,'2023-06-12 15:00:00','2023-06-12 15:45:00',1),(71,'2023-06-19 15:00:00','2023-06-19 15:45:00',1),(72,'2023-06-07 15:00:00','2023-06-07 15:45:00',1),(73,'2023-06-14 15:00:00','2023-06-14 15:45:00',1),(74,'2023-06-05 15:45:00','2023-06-05 16:30:00',1),(75,'2023-06-12 15:45:00','2023-06-12 16:30:00',1),(76,'2023-06-19 15:45:00','2023-06-19 16:30:00',1),(77,'2023-06-07 15:45:00','2023-06-07 16:30:00',1),(78,'2023-06-14 15:45:00','2023-06-14 16:30:00',1);
/*!40000 ALTER TABLE `orariprogettiaula` ENABLE KEYS */;
UNLOCK TABLES;

--
-- Table structure for table `orariprogetticlasse`
--

DROP TABLE IF EXISTS `orariprogetticlasse`;
/*!40101 SET @saved_cs_client     = @@character_set_client */;
/*!40101 SET character_set_client = utf8 */;
CREATE TABLE `orariprogetticlasse` (
  `id` int(11) NOT NULL AUTO_INCREMENT,
  `classeId` int(11) NOT NULL,
  `inizio` datetime NOT NULL,
  `fine` datetime NOT NULL,
  PRIMARY KEY (`id`),
  KEY `classeId` (`classeId`),
  CONSTRAINT `orariprogetticlasse_ibfk_1` FOREIGN KEY (`classeId`) REFERENCES `classe` (`id`)
) ENGINE=InnoDB AUTO_INCREMENT=157 DEFAULT CHARSET=utf8mb4;
/*!40101 SET character_set_client = @saved_cs_client */;

--
-- Dumping data for table `orariprogetticlasse`
--

LOCK TABLES `orariprogetticlasse` WRITE;
/*!40000 ALTER TABLE `orariprogetticlasse` DISABLE KEYS */;
INSERT INTO `orariprogetticlasse` VALUES (1,1,'2023-06-06 08:20:00','2023-06-06 09:05:00'),(2,1,'2023-06-13 08:20:00','2023-06-13 09:05:00'),(3,1,'2023-06-20 08:20:00','2023-06-20 09:05:00'),(4,1,'2023-06-08 08:20:00','2023-06-08 09:05:00'),(5,1,'2023-06-15 08:20:00','2023-06-15 09:05:00'),(6,1,'2023-06-02 08:20:00','2023-06-02 09:05:00'),(7,1,'2023-06-09 08:20:00','2023-06-09 09:05:00'),(8,1,'2023-06-16 08:20:00','2023-06-16 09:05:00'),(9,1,'2023-06-05 09:05:00','2023-06-05 10:05:00'),(10,1,'2023-06-12 09:05:00','2023-06-12 10:05:00'),(11,1,'2023-06-19 09:05:00','2023-06-19 10:05:00'),(12,1,'2023-06-06 09:05:00','2023-06-06 10:05:00'),(13,1,'2023-06-13 09:05:00','2023-06-13 10:05:00'),(14,1,'2023-06-20 09:05:00','2023-06-20 10:05:00'),(15,1,'2023-06-07 09:05:00','2023-06-07 10:05:00'),(16,1,'2023-06-14 09:05:00','2023-06-14 10:05:00'),(17,1,'2023-06-08 09:05:00','2023-06-08 10:05:00'),(18,1,'2023-06-15 09:05:00','2023-06-15 10:05:00'),(19,1,'2023-06-02 09:05:00','2023-06-02 10:05:00'),(20,1,'2023-06-09 09:05:00','2023-06-09 10:05:00'),(21,1,'2023-06-16 09:05:00','2023-06-16 10:05:00'),(22,1,'2023-06-05 10:05:00','2023-06-05 10:50:00'),(23,1,'2023-06-12 10:05:00','2023-06-12 10:50:00'),(24,1,'2023-06-19 10:05:00','2023-06-19 10:50:00'),(25,1,'2023-06-06 10:05:00','2023-06-06 10:50:00'),(26,1,'2023-06-13 10:05:00','2023-06-13 10:50:00'),(27,1,'2023-06-20 10:05:00','2023-06-20 10:50:00'),(28,1,'2023-06-07 10:05:00','2023-06-07 10:50:00'),(29,1,'2023-06-14 10:05:00','2023-06-14 10:50:00'),(30,1,'2023-06-08 10:05:00','2023-06-08 10:50:00'),(31,1,'2023-06-15 10:05:00','2023-06-15 10:50:00'),(32,1,'2023-06-02 10:05:00','2023-06-02 10:50:00'),(33,1,'2023-06-09 10:05:00','2023-06-09 10:50:00'),(34,1,'2023-06-16 10:05:00','2023-06-16 10:50:00'),(35,1,'2023-06-05 10:50:00','2023-06-05 11:35:00'),(36,1,'2023-06-12 10:50:00','2023-06-12 11:35:00'),(37,1,'2023-06-19 10:50:00','2023-06-19 11:35:00'),(38,1,'2023-06-06 10:50:00','2023-06-06 11:35:00'),(39,1,'2023-06-13 10:50:00','2023-06-13 11:35:00'),(40,1,'2023-06-20 10:50:00','2023-06-20 11:35:00'),(41,1,'2023-06-07 10:50:00','2023-06-07 11:35:00'),(42,1,'2023-06-14 10:50:00','2023-06-14 11:35:00'),(43,1,'2023-06-08 10:50:00','2023-06-08 11:35:00'),(44,1,'2023-06-15 10:50:00','2023-06-15 11:35:00'),(45,1,'2023-06-02 10:50:00','2023-06-02 11:35:00'),(46,1,'2023-06-09 10:50:00','2023-06-09 11:35:00'),(47,1,'2023-06-16 10:50:00','2023-06-16 11:35:00'),(48,1,'2023-06-05 11:35:00','2023-06-05 12:30:00'),(49,1,'2023-06-12 11:35:00','2023-06-12 12:30:00'),(50,1,'2023-06-19 11:35:00','2023-06-19 12:30:00'),(51,1,'2023-06-07 11:35:00','2023-06-07 12:30:00'),(52,1,'2023-06-14 11:35:00','2023-06-14 12:30:00'),(53,1,'2023-06-02 12:30:00','2023-06-02 13:15:00'),(54,1,'2023-06-09 12:30:00','2023-06-09 13:15:00'),(55,1,'2023-06-16 12:30:00','2023-06-16 13:15:00'),(56,1,'2023-06-05 13:15:00','2023-06-05 14:00:00'),(57,1,'2023-06-12 13:15:00','2023-06-12 14:00:00'),(58,1,'2023-06-19 13:15:00','2023-06-19 14:00:00'),(59,1,'2023-06-07 13:15:00','2023-06-07 14:00:00'),(60,1,'2023-06-14 13:15:00','2023-06-14 14:00:00'),(61,1,'2023-06-02 13:15:00','2023-06-02 14:00:00'),(62,1,'2023-06-09 13:15:00','2023-06-09 14:00:00'),(63,1,'2023-06-16 13:15:00','2023-06-16 14:00:00'),(64,1,'2023-06-05 14:00:00','2023-06-05 15:00:00'),(65,1,'2023-06-12 14:00:00','2023-06-12 15:00:00'),(66,1,'2023-06-19 14:00:00','2023-06-19 15:00:00'),(67,1,'2023-06-07 14:00:00','2023-06-07 15:00:00'),(68,1,'2023-06-14 14:00:00','2023-06-14 15:00:00'),(69,1,'2023-06-05 15:00:00','2023-06-05 15:45:00'),(70,1,'2023-06-12 15:00:00','2023-06-12 15:45:00'),(71,1,'2023-06-19 15:00:00','2023-06-19 15:45:00'),(72,1,'2023-06-07 15:00:00','2023-06-07 15:45:00'),(73,1,'2023-06-14 15:00:00','2023-06-14 15:45:00'),(74,1,'2023-06-05 15:45:00','2023-06-05 16:30:00'),(75,1,'2023-06-12 15:45:00','2023-06-12 16:30:00'),(76,1,'2023-06-19 15:45:00','2023-06-19 16:30:00'),(77,1,'2023-06-07 15:45:00','2023-06-07 16:30:00'),(78,1,'2023-06-14 15:45:00','2023-06-14 16:30:00'),(79,2,'2023-06-06 08:20:00','2023-06-06 09:05:00'),(80,2,'2023-06-13 08:20:00','2023-06-13 09:05:00'),(81,2,'2023-06-20 08:20:00','2023-06-20 09:05:00'),(82,2,'2023-06-08 08:20:00','2023-06-08 09:05:00'),(83,2,'2023-06-15 08:20:00','2023-06-15 09:05:00'),(84,2,'2023-06-02 08:20:00','2023-06-02 09:05:00'),(85,2,'2023-06-09 08:20:00','2023-06-09 09:05:00'),(86,2,'2023-06-16 08:20:00','2023-06-16 09:05:00'),(87,2,'2023-06-05 09:05:00','2023-06-05 10:05:00'),(88,2,'2023-06-12 09:05:00','2023-06-12 10:05:00'),(89,2,'2023-06-19 09:05:00','2023-06-19 10:05:00'),(90,2,'2023-06-06 09:05:00','2023-06-06 10:05:00'),(91,2,'2023-06-13 09:05:00','2023-06-13 10:05:00'),(92,2,'2023-06-20 09:05:00','2023-06-20 10:05:00'),(93,2,'2023-06-07 09:05:00','2023-06-07 10:05:00'),(94,2,'2023-06-14 09:05:00','2023-06-14 10:05:00'),(95,2,'2023-06-08 09:05:00','2023-06-08 10:05:00'),(96,2,'2023-06-15 09:05:00','2023-06-15 10:05:00'),(97,2,'2023-06-02 09:05:00','2023-06-02 10:05:00'),(98,2,'2023-06-09 09:05:00','2023-06-09 10:05:00'),(99,2,'2023-06-16 09:05:00','2023-06-16 10:05:00'),(100,2,'2023-06-05 10:05:00','2023-06-05 10:50:00'),(101,2,'2023-06-12 10:05:00','2023-06-12 10:50:00'),(102,2,'2023-06-19 10:05:00','2023-06-19 10:50:00'),(103,2,'2023-06-06 10:05:00','2023-06-06 10:50:00'),(104,2,'2023-06-13 10:05:00','2023-06-13 10:50:00'),(105,2,'2023-06-20 10:05:00','2023-06-20 10:50:00'),(106,2,'2023-06-07 10:05:00','2023-06-07 10:50:00'),(107,2,'2023-06-14 10:05:00','2023-06-14 10:50:00'),(108,2,'2023-06-08 10:05:00','2023-06-08 10:50:00'),(109,2,'2023-06-15 10:05:00','2023-06-15 10:50:00'),(110,2,'2023-06-02 10:05:00','2023-06-02 10:50:00'),(111,2,'2023-06-09 10:05:00','2023-06-09 10:50:00'),(112,2,'2023-06-16 10:05:00','2023-06-16 10:50:00'),(113,2,'2023-06-05 10:50:00','2023-06-05 11:35:00'),(114,2,'2023-06-12 10:50:00','2023-06-12 11:35:00'),(115,2,'2023-06-19 10:50:00','2023-06-19 11:35:00'),(116,2,'2023-06-06 10:50:00','2023-06-06 11:35:00'),(117,2,'2023-06-13 10:50:00','2023-06-13 11:35:00'),(118,2,'2023-06-20 10:50:00','2023-06-20 11:35:00'),(119,2,'2023-06-07 10:50:00','2023-06-07 11:35:00'),(120,2,'2023-06-14 10:50:00','2023-06-14 11:35:00'),(121,2,'2023-06-08 10:50:00','2023-06-08 11:35:00'),(122,2,'2023-06-15 10:50:00','2023-06-15 11:35:00'),(123,2,'2023-06-02 10:50:00','2023-06-02 11:35:00'),(124,2,'2023-06-09 10:50:00','2023-06-09 11:35:00'),(125,2,'2023-06-16 10:50:00','2023-06-16 11:35:00'),(126,2,'2023-06-05 11:35:00','2023-06-05 12:30:00'),(127,2,'2023-06-12 11:35:00','2023-06-12 12:30:00'),(128,2,'2023-06-19 11:35:00','2023-06-19 12:30:00'),(129,2,'2023-06-07 11:35:00','2023-06-07 12:30:00'),(130,2,'2023-06-14 11:35:00','2023-06-14 12:30:00'),(131,2,'2023-06-02 12:30:00','2023-06-02 13:15:00'),(132,2,'2023-06-09 12:30:00','2023-06-09 13:15:00'),(133,2,'2023-06-16 12:30:00','2023-06-16 13:15:00'),(134,2,'2023-06-05 13:15:00','2023-06-05 14:00:00'),(135,2,'2023-06-12 13:15:00','2023-06-12 14:00:00'),(136,2,'2023-06-19 13:15:00','2023-06-19 14:00:00'),(137,2,'2023-06-07 13:15:00','2023-06-07 14:00:00'),(138,2,'2023-06-14 13:15:00','2023-06-14 14:00:00'),(139,2,'2023-06-02 13:15:00','2023-06-02 14:00:00'),(140,2,'2023-06-09 13:15:00','2023-06-09 14:00:00'),(141,2,'2023-06-16 13:15:00','2023-06-16 14:00:00'),(142,2,'2023-06-05 14:00:00','2023-06-05 15:00:00'),(143,2,'2023-06-12 14:00:00','2023-06-12 15:00:00'),(144,2,'2023-06-19 14:00:00','2023-06-19 15:00:00'),(145,2,'2023-06-07 14:00:00','2023-06-07 15:00:00'),(146,2,'2023-06-14 14:00:00','2023-06-14 15:00:00'),(147,2,'2023-06-05 15:00:00','2023-06-05 15:45:00'),(148,2,'2023-06-12 15:00:00','2023-06-12 15:45:00'),(149,2,'2023-06-19 15:00:00','2023-06-19 15:45:00'),(150,2,'2023-06-07 15:00:00','2023-06-07 15:45:00'),(151,2,'2023-06-14 15:00:00','2023-06-14 15:45:00'),(152,2,'2023-06-05 15:45:00','2023-06-05 16:30:00'),(153,2,'2023-06-12 15:45:00','2023-06-12 16:30:00'),(154,2,'2023-06-19 15:45:00','2023-06-19 16:30:00'),(155,2,'2023-06-07 15:45:00','2023-06-07 16:30:00'),(156,2,'2023-06-14 15:45:00','2023-06-14 16:30:00');
/*!40000 ALTER TABLE `orariprogetticlasse` ENABLE KEYS */;
UNLOCK TABLES;

--
-- Table structure for table `orariprogettidocente`
--

DROP TABLE IF EXISTS `orariprogettidocente`;
/*!40101 SET @saved_cs_client     = @@character_set_client */;
/*!40101 SET character_set_client = utf8 */;
CREATE TABLE `orariprogettidocente` (
  `id` int(11) NOT NULL AUTO_INCREMENT,
  `inizio` datetime NOT NULL,
  `fine` datetime NOT NULL,
  `docenteId` int(11) NOT NULL,
  PRIMARY KEY (`id`),
  KEY `docenteId` (`docenteId`),
  CONSTRAINT `orariprogettidocente_ibfk_1` FOREIGN KEY (`docenteId`) REFERENCES `docente` (`id`)
) ENGINE=InnoDB AUTO_INCREMENT=325 DEFAULT CHARSET=utf8mb4;
/*!40101 SET character_set_client = @saved_cs_client */;

--
-- Dumping data for table `orariprogettidocente`
--

LOCK TABLES `orariprogettidocente` WRITE;
/*!40000 ALTER TABLE `orariprogettidocente` DISABLE KEYS */;
INSERT INTO `orariprogettidocente` VALUES (1,'2023-06-06 08:20:00','2023-06-06 09:05:00',1),(2,'2023-06-13 08:20:00','2023-06-13 09:05:00',1),(3,'2023-06-20 08:20:00','2023-06-20 09:05:00',1),(4,'2023-06-08 08:20:00','2023-06-08 09:05:00',1),(5,'2023-06-15 08:20:00','2023-06-15 09:05:00',1),(6,'2023-06-02 08:20:00','2023-06-02 09:05:00',1),(7,'2023-06-09 08:20:00','2023-06-09 09:05:00',1),(8,'2023-06-16 08:20:00','2023-06-16 09:05:00',1),(9,'2023-06-05 09:05:00','2023-06-05 10:05:00',1),(10,'2023-06-12 09:05:00','2023-06-12 10:05:00',1),(11,'2023-06-19 09:05:00','2023-06-19 10:05:00',1),(12,'2023-06-06 09:05:00','2023-06-06 10:05:00',1),(13,'2023-06-13 09:05:00','2023-06-13 10:05:00',1),(14,'2023-06-20 09:05:00','2023-06-20 10:05:00',1),(15,'2023-06-07 09:05:00','2023-06-07 10:05:00',1),(16,'2023-06-14 09:05:00','2023-06-14 10:05:00',1),(17,'2023-06-08 09:05:00','2023-06-08 10:05:00',1),(18,'2023-06-15 09:05:00','2023-06-15 10:05:00',1),(19,'2023-06-02 09:05:00','2023-06-02 10:05:00',1),(20,'2023-06-09 09:05:00','2023-06-09 10:05:00',1),(21,'2023-06-16 09:05:00','2023-06-16 10:05:00',1),(22,'2023-06-05 10:05:00','2023-06-05 10:50:00',1),(23,'2023-06-12 10:05:00','2023-06-12 10:50:00',1),(24,'2023-06-19 10:05:00','2023-06-19 10:50:00',1),(25,'2023-06-06 10:05:00','2023-06-06 10:50:00',1),(26,'2023-06-13 10:05:00','2023-06-13 10:50:00',1),(27,'2023-06-20 10:05:00','2023-06-20 10:50:00',1),(28,'2023-06-07 10:05:00','2023-06-07 10:50:00',1),(29,'2023-06-14 10:05:00','2023-06-14 10:50:00',1),(30,'2023-06-08 10:05:00','2023-06-08 10:50:00',1),(31,'2023-06-15 10:05:00','2023-06-15 10:50:00',1),(32,'2023-06-02 10:05:00','2023-06-02 10:50:00',1),(33,'2023-06-09 10:05:00','2023-06-09 10:50:00',1),(34,'2023-06-16 10:05:00','2023-06-16 10:50:00',1),(35,'2023-06-05 10:50:00','2023-06-05 11:35:00',1),(36,'2023-06-12 10:50:00','2023-06-12 11:35:00',1),(37,'2023-06-19 10:50:00','2023-06-19 11:35:00',1),(38,'2023-06-06 10:50:00','2023-06-06 11:35:00',1),(39,'2023-06-13 10:50:00','2023-06-13 11:35:00',1),(40,'2023-06-20 10:50:00','2023-06-20 11:35:00',1),(41,'2023-06-07 10:50:00','2023-06-07 11:35:00',1),(42,'2023-06-14 10:50:00','2023-06-14 11:35:00',1),(43,'2023-06-08 10:50:00','2023-06-08 11:35:00',1),(44,'2023-06-15 10:50:00','2023-06-15 11:35:00',1),(45,'2023-06-02 10:50:00','2023-06-02 11:35:00',1),(46,'2023-06-09 10:50:00','2023-06-09 11:35:00',1),(47,'2023-06-16 10:50:00','2023-06-16 11:35:00',1),(48,'2023-06-05 11:35:00','2023-06-05 12:30:00',1),(49,'2023-06-12 11:35:00','2023-06-12 12:30:00',1),(50,'2023-06-19 11:35:00','2023-06-19 12:30:00',1),(51,'2023-06-07 11:35:00','2023-06-07 12:30:00',1),(52,'2023-06-14 11:35:00','2023-06-14 12:30:00',1),(53,'2023-06-02 12:30:00','2023-06-02 13:15:00',1),(54,'2023-06-09 12:30:00','2023-06-09 13:15:00',1),(55,'2023-06-16 12:30:00','2023-06-16 13:15:00',1),(56,'2023-06-05 13:15:00','2023-06-05 14:00:00',1),(57,'2023-06-12 13:15:00','2023-06-12 14:00:00',1),(58,'2023-06-19 13:15:00','2023-06-19 14:00:00',1),(59,'2023-06-07 13:15:00','2023-06-07 14:00:00',1),(60,'2023-06-14 13:15:00','2023-06-14 14:00:00',1),(61,'2023-06-02 13:15:00','2023-06-02 14:00:00',1),(62,'2023-06-09 13:15:00','2023-06-09 14:00:00',1),(63,'2023-06-16 13:15:00','2023-06-16 14:00:00',1),(64,'2023-06-05 14:00:00','2023-06-05 15:00:00',1),(65,'2023-06-12 14:00:00','2023-06-12 15:00:00',1),(66,'2023-06-19 14:00:00','2023-06-19 15:00:00',1),(67,'2023-06-07 14:00:00','2023-06-07 15:00:00',1),(68,'2023-06-14 14:00:00','2023-06-14 15:00:00',1),(69,'2023-06-05 15:00:00','2023-06-05 15:45:00',1),(70,'2023-06-12 15:00:00','2023-06-12 15:45:00',1),(71,'2023-06-19 15:00:00','2023-06-19 15:45:00',1),(72,'2023-06-07 15:00:00','2023-06-07 15:45:00',1),(73,'2023-06-14 15:00:00','2023-06-14 15:45:00',1),(74,'2023-06-05 15:45:00','2023-06-05 16:30:00',1),(75,'2023-06-12 15:45:00','2023-06-12 16:30:00',1),(76,'2023-06-19 15:45:00','2023-06-19 16:30:00',1),(77,'2023-06-07 15:45:00','2023-06-07 16:30:00',1),(78,'2023-06-14 15:45:00','2023-06-14 16:30:00',1),(79,'2023-06-06 08:20:00','2023-06-06 09:05:00',2),(80,'2023-06-13 08:20:00','2023-06-13 09:05:00',2),(81,'2023-06-20 08:20:00','2023-06-20 09:05:00',2),(82,'2023-06-08 08:20:00','2023-06-08 09:05:00',2),(83,'2023-06-15 08:20:00','2023-06-15 09:05:00',2),(84,'2023-06-02 08:20:00','2023-06-02 09:05:00',2),(85,'2023-06-09 08:20:00','2023-06-09 09:05:00',2),(86,'2023-06-16 08:20:00','2023-06-16 09:05:00',2),(87,'2023-06-05 09:05:00','2023-06-05 10:05:00',2),(88,'2023-06-12 09:05:00','2023-06-12 10:05:00',2),(89,'2023-06-19 09:05:00','2023-06-19 10:05:00',2),(90,'2023-06-06 09:05:00','2023-06-06 10:05:00',2),(91,'2023-06-13 09:05:00','2023-06-13 10:05:00',2),(92,'2023-06-20 09:05:00','2023-06-20 10:05:00',2),(93,'2023-06-07 09:05:00','2023-06-07 10:05:00',2),(94,'2023-06-14 09:05:00','2023-06-14 10:05:00',2),(95,'2023-06-08 09:05:00','2023-06-08 10:05:00',2),(96,'2023-06-15 09:05:00','2023-06-15 10:05:00',2),(97,'2023-06-02 09:05:00','2023-06-02 10:05:00',2),(98,'2023-06-09 09:05:00','2023-06-09 10:05:00',2),(99,'2023-06-16 09:05:00','2023-06-16 10:05:00',2),(100,'2023-06-05 10:05:00','2023-06-05 10:50:00',2),(101,'2023-06-12 10:05:00','2023-06-12 10:50:00',2),(102,'2023-06-19 10:05:00','2023-06-19 10:50:00',2),(103,'2023-06-06 10:05:00','2023-06-06 10:50:00',2),(104,'2023-06-13 10:05:00','2023-06-13 10:50:00',2),(105,'2023-06-20 10:05:00','2023-06-20 10:50:00',2),(106,'2023-06-07 10:05:00','2023-06-07 10:50:00',2),(107,'2023-06-14 10:05:00','2023-06-14 10:50:00',2),(108,'2023-06-08 10:05:00','2023-06-08 10:50:00',2),(109,'2023-06-15 10:05:00','2023-06-15 10:50:00',2),(110,'2023-06-02 10:05:00','2023-06-02 10:50:00',2),(111,'2023-06-09 10:05:00','2023-06-09 10:50:00',2),(112,'2023-06-16 10:05:00','2023-06-16 10:50:00',2),(113,'2023-06-05 10:50:00','2023-06-05 11:35:00',2),(114,'2023-06-12 10:50:00','2023-06-12 11:35:00',2),(115,'2023-06-19 10:50:00','2023-06-19 11:35:00',2),(116,'2023-06-06 10:50:00','2023-06-06 11:35:00',2),(117,'2023-06-13 10:50:00','2023-06-13 11:35:00',2),(118,'2023-06-20 10:50:00','2023-06-20 11:35:00',2),(119,'2023-06-07 10:50:00','2023-06-07 11:35:00',2),(120,'2023-06-14 10:50:00','2023-06-14 11:35:00',2),(121,'2023-06-08 10:50:00','2023-06-08 11:35:00',2),(122,'2023-06-15 10:50:00','2023-06-15 11:35:00',2),(123,'2023-06-02 10:50:00','2023-06-02 11:35:00',2),(124,'2023-06-09 10:50:00','2023-06-09 11:35:00',2),(125,'2023-06-16 10:50:00','2023-06-16 11:35:00',2),(126,'2023-06-05 11:35:00','2023-06-05 12:30:00',2),(127,'2023-06-12 11:35:00','2023-06-12 12:30:00',2),(128,'2023-06-19 11:35:00','2023-06-19 12:30:00',2),(129,'2023-06-07 11:35:00','2023-06-07 12:30:00',2),(130,'2023-06-14 11:35:00','2023-06-14 12:30:00',2),(131,'2023-06-02 12:30:00','2023-06-02 13:15:00',2),(132,'2023-06-09 12:30:00','2023-06-09 13:15:00',2),(133,'2023-06-16 12:30:00','2023-06-16 13:15:00',2),(134,'2023-06-05 13:15:00','2023-06-05 14:00:00',2),(135,'2023-06-12 13:15:00','2023-06-12 14:00:00',2),(136,'2023-06-19 13:15:00','2023-06-19 14:00:00',2),(137,'2023-06-07 13:15:00','2023-06-07 14:00:00',2),(138,'2023-06-14 13:15:00','2023-06-14 14:00:00',2),(139,'2023-06-02 13:15:00','2023-06-02 14:00:00',2),(140,'2023-06-09 13:15:00','2023-06-09 14:00:00',2),(141,'2023-06-16 13:15:00','2023-06-16 14:00:00',2),(142,'2023-06-05 14:00:00','2023-06-05 15:00:00',2),(143,'2023-06-12 14:00:00','2023-06-12 15:00:00',2),(144,'2023-06-19 14:00:00','2023-06-19 15:00:00',2),(145,'2023-06-07 14:00:00','2023-06-07 15:00:00',2),(146,'2023-06-14 14:00:00','2023-06-14 15:00:00',2),(147,'2023-06-05 15:00:00','2023-06-05 15:45:00',2),(148,'2023-06-12 15:00:00','2023-06-12 15:45:00',2),(149,'2023-06-19 15:00:00','2023-06-19 15:45:00',2),(150,'2023-06-07 15:00:00','2023-06-07 15:45:00',2),(151,'2023-06-14 15:00:00','2023-06-14 15:45:00',2),(152,'2023-06-05 15:45:00','2023-06-05 16:30:00',2),(153,'2023-06-12 15:45:00','2023-06-12 16:30:00',2),(154,'2023-06-19 15:45:00','2023-06-19 16:30:00',2),(155,'2023-06-07 15:45:00','2023-06-07 16:30:00',2),(156,'2023-06-14 15:45:00','2023-06-14 16:30:00',2),(157,'2023-06-06 08:20:00','2023-06-06 09:05:00',3),(158,'2023-06-13 08:20:00','2023-06-13 09:05:00',3),(159,'2023-06-20 08:20:00','2023-06-20 09:05:00',3),(160,'2023-06-08 08:20:00','2023-06-08 09:05:00',3),(161,'2023-06-15 08:20:00','2023-06-15 09:05:00',3),(162,'2023-06-02 08:20:00','2023-06-02 09:05:00',3),(163,'2023-06-09 08:20:00','2023-06-09 09:05:00',3),(164,'2023-06-16 08:20:00','2023-06-16 09:05:00',3),(165,'2023-06-05 09:05:00','2023-06-05 10:05:00',3),(166,'2023-06-12 09:05:00','2023-06-12 10:05:00',3),(167,'2023-06-19 09:05:00','2023-06-19 10:05:00',3),(168,'2023-06-06 09:05:00','2023-06-06 10:05:00',3),(169,'2023-06-13 09:05:00','2023-06-13 10:05:00',3),(170,'2023-06-20 09:05:00','2023-06-20 10:05:00',3),(171,'2023-06-07 09:05:00','2023-06-07 10:05:00',3),(172,'2023-06-14 09:05:00','2023-06-14 10:05:00',3),(173,'2023-06-08 09:05:00','2023-06-08 10:05:00',3),(174,'2023-06-15 09:05:00','2023-06-15 10:05:00',3),(175,'2023-06-02 09:05:00','2023-06-02 10:05:00',3),(176,'2023-06-09 09:05:00','2023-06-09 10:05:00',3),(177,'2023-06-16 09:05:00','2023-06-16 10:05:00',3),(178,'2023-06-05 10:05:00','2023-06-05 10:50:00',3),(179,'2023-06-12 10:05:00','2023-06-12 10:50:00',3),(180,'2023-06-19 10:05:00','2023-06-19 10:50:00',3),(181,'2023-06-06 10:05:00','2023-06-06 10:50:00',3),(182,'2023-06-13 10:05:00','2023-06-13 10:50:00',3),(183,'2023-06-20 10:05:00','2023-06-20 10:50:00',3),(184,'2023-06-07 10:05:00','2023-06-07 10:50:00',3),(185,'2023-06-14 10:05:00','2023-06-14 10:50:00',3),(186,'2023-06-08 10:05:00','2023-06-08 10:50:00',3),(187,'2023-06-15 10:05:00','2023-06-15 10:50:00',3),(188,'2023-06-02 10:05:00','2023-06-02 10:50:00',3),(189,'2023-06-09 10:05:00','2023-06-09 10:50:00',3),(190,'2023-06-16 10:05:00','2023-06-16 10:50:00',3),(191,'2023-06-05 10:50:00','2023-06-05 11:35:00',3),(192,'2023-06-12 10:50:00','2023-06-12 11:35:00',3),(193,'2023-06-19 10:50:00','2023-06-19 11:35:00',3),(194,'2023-06-06 10:50:00','2023-06-06 11:35:00',3),(195,'2023-06-13 10:50:00','2023-06-13 11:35:00',3),(196,'2023-06-20 10:50:00','2023-06-20 11:35:00',3),(197,'2023-06-07 10:50:00','2023-06-07 11:35:00',3),(198,'2023-06-14 10:50:00','2023-06-14 11:35:00',3),(199,'2023-06-08 10:50:00','2023-06-08 11:35:00',3),(200,'2023-06-15 10:50:00','2023-06-15 11:35:00',3),(201,'2023-06-02 10:50:00','2023-06-02 11:35:00',3),(202,'2023-06-09 10:50:00','2023-06-09 11:35:00',3),(203,'2023-06-16 10:50:00','2023-06-16 11:35:00',3),(204,'2023-06-05 11:35:00','2023-06-05 12:30:00',3),(205,'2023-06-12 11:35:00','2023-06-12 12:30:00',3),(206,'2023-06-19 11:35:00','2023-06-19 12:30:00',3),(207,'2023-06-07 11:35:00','2023-06-07 12:30:00',3),(208,'2023-06-14 11:35:00','2023-06-14 12:30:00',3),(209,'2023-06-02 12:30:00','2023-06-02 13:15:00',3),(210,'2023-06-09 12:30:00','2023-06-09 13:15:00',3),(211,'2023-06-16 12:30:00','2023-06-16 13:15:00',3),(212,'2023-06-05 13:15:00','2023-06-05 14:00:00',3),(213,'2023-06-12 13:15:00','2023-06-12 14:00:00',3),(214,'2023-06-19 13:15:00','2023-06-19 14:00:00',3),(215,'2023-06-06 13:15:00','2023-06-06 14:00:00',3),(216,'2023-06-13 13:15:00','2023-06-13 14:00:00',3),(217,'2023-06-20 13:15:00','2023-06-20 14:00:00',3),(218,'2023-06-07 13:15:00','2023-06-07 14:00:00',3),(219,'2023-06-14 13:15:00','2023-06-14 14:00:00',3),(220,'2023-06-02 13:15:00','2023-06-02 14:00:00',3),(221,'2023-06-09 13:15:00','2023-06-09 14:00:00',3),(222,'2023-06-16 13:15:00','2023-06-16 14:00:00',3),(223,'2023-06-05 14:00:00','2023-06-05 15:00:00',3),(224,'2023-06-12 14:00:00','2023-06-12 15:00:00',3),(225,'2023-06-19 14:00:00','2023-06-19 15:00:00',3),(226,'2023-06-06 14:00:00','2023-06-06 15:00:00',3),(227,'2023-06-13 14:00:00','2023-06-13 15:00:00',3),(228,'2023-06-20 14:00:00','2023-06-20 15:00:00',3),(229,'2023-06-07 14:00:00','2023-06-07 15:00:00',3),(230,'2023-06-14 14:00:00','2023-06-14 15:00:00',3),(231,'2023-06-05 15:00:00','2023-06-05 15:45:00',3),(232,'2023-06-12 15:00:00','2023-06-12 15:45:00',3),(233,'2023-06-19 15:00:00','2023-06-19 15:45:00',3),(234,'2023-06-06 15:00:00','2023-06-06 15:45:00',3),(235,'2023-06-13 15:00:00','2023-06-13 15:45:00',3),(236,'2023-06-20 15:00:00','2023-06-20 15:45:00',3),(237,'2023-06-07 15:00:00','2023-06-07 15:45:00',3),(238,'2023-06-14 15:00:00','2023-06-14 15:45:00',3),(239,'2023-06-05 15:45:00','2023-06-05 16:30:00',3),(240,'2023-06-12 15:45:00','2023-06-12 16:30:00',3),(241,'2023-06-19 15:45:00','2023-06-19 16:30:00',3),(242,'2023-06-06 15:45:00','2023-06-06 16:30:00',3),(243,'2023-06-13 15:45:00','2023-06-13 16:30:00',3),(244,'2023-06-20 15:45:00','2023-06-20 16:30:00',3),(245,'2023-06-07 15:45:00','2023-06-07 16:30:00',3),(246,'2023-06-14 15:45:00','2023-06-14 16:30:00',3),(247,'2023-06-06 08:20:00','2023-06-06 09:05:00',4),(248,'2023-06-13 08:20:00','2023-06-13 09:05:00',4),(249,'2023-06-20 08:20:00','2023-06-20 09:05:00',4),(250,'2023-06-08 08:20:00','2023-06-08 09:05:00',4),(251,'2023-06-15 08:20:00','2023-06-15 09:05:00',4),(252,'2023-06-02 08:20:00','2023-06-02 09:05:00',4),(253,'2023-06-09 08:20:00','2023-06-09 09:05:00',4),(254,'2023-06-16 08:20:00','2023-06-16 09:05:00',4),(255,'2023-06-05 09:05:00','2023-06-05 10:05:00',4),(256,'2023-06-12 09:05:00','2023-06-12 10:05:00',4),(257,'2023-06-19 09:05:00','2023-06-19 10:05:00',4),(258,'2023-06-06 09:05:00','2023-06-06 10:05:00',4),(259,'2023-06-13 09:05:00','2023-06-13 10:05:00',4),(260,'2023-06-20 09:05:00','2023-06-20 10:05:00',4),(261,'2023-06-07 09:05:00','2023-06-07 10:05:00',4),(262,'2023-06-14 09:05:00','2023-06-14 10:05:00',4),(263,'2023-06-08 09:05:00','2023-06-08 10:05:00',4),(264,'2023-06-15 09:05:00','2023-06-15 10:05:00',4),(265,'2023-06-02 09:05:00','2023-06-02 10:05:00',4),(266,'2023-06-09 09:05:00','2023-06-09 10:05:00',4),(267,'2023-06-16 09:05:00','2023-06-16 10:05:00',4),(268,'2023-06-05 10:05:00','2023-06-05 10:50:00',4),(269,'2023-06-12 10:05:00','2023-06-12 10:50:00',4),(270,'2023-06-19 10:05:00','2023-06-19 10:50:00',4),(271,'2023-06-06 10:05:00','2023-06-06 10:50:00',4),(272,'2023-06-13 10:05:00','2023-06-13 10:50:00',4),(273,'2023-06-20 10:05:00','2023-06-20 10:50:00',4),(274,'2023-06-07 10:05:00','2023-06-07 10:50:00',4),(275,'2023-06-14 10:05:00','2023-06-14 10:50:00',4),(276,'2023-06-08 10:05:00','2023-06-08 10:50:00',4),(277,'2023-06-15 10:05:00','2023-06-15 10:50:00',4),(278,'2023-06-02 10:05:00','2023-06-02 10:50:00',4),(279,'2023-06-09 10:05:00','2023-06-09 10:50:00',4),(280,'2023-06-16 10:05:00','2023-06-16 10:50:00',4),(281,'2023-06-05 10:50:00','2023-06-05 11:35:00',4),(282,'2023-06-12 10:50:00','2023-06-12 11:35:00',4),(283,'2023-06-19 10:50:00','2023-06-19 11:35:00',4),(284,'2023-06-06 10:50:00','2023-06-06 11:35:00',4),(285,'2023-06-13 10:50:00','2023-06-13 11:35:00',4),(286,'2023-06-20 10:50:00','2023-06-20 11:35:00',4),(287,'2023-06-07 10:50:00','2023-06-07 11:35:00',4),(288,'2023-06-14 10:50:00','2023-06-14 11:35:00',4),(289,'2023-06-08 10:50:00','2023-06-08 11:35:00',4),(290,'2023-06-15 10:50:00','2023-06-15 11:35:00',4),(291,'2023-06-02 10:50:00','2023-06-02 11:35:00',4),(292,'2023-06-09 10:50:00','2023-06-09 11:35:00',4),(293,'2023-06-16 10:50:00','2023-06-16 11:35:00',4),(294,'2023-06-05 11:35:00','2023-06-05 12:30:00',4),(295,'2023-06-12 11:35:00','2023-06-12 12:30:00',4),(296,'2023-06-19 11:35:00','2023-06-19 12:30:00',4),(297,'2023-06-07 11:35:00','2023-06-07 12:30:00',4),(298,'2023-06-14 11:35:00','2023-06-14 12:30:00',4),(299,'2023-06-02 12:30:00','2023-06-02 13:15:00',4),(300,'2023-06-09 12:30:00','2023-06-09 13:15:00',4),(301,'2023-06-16 12:30:00','2023-06-16 13:15:00',4),(302,'2023-06-05 13:15:00','2023-06-05 14:00:00',4),(303,'2023-06-12 13:15:00','2023-06-12 14:00:00',4),(304,'2023-06-19 13:15:00','2023-06-19 14:00:00',4),(305,'2023-06-07 13:15:00','2023-06-07 14:00:00',4),(306,'2023-06-14 13:15:00','2023-06-14 14:00:00',4),(307,'2023-06-02 13:15:00','2023-06-02 14:00:00',4),(308,'2023-06-09 13:15:00','2023-06-09 14:00:00',4),(309,'2023-06-16 13:15:00','2023-06-16 14:00:00',4),(310,'2023-06-05 14:00:00','2023-06-05 15:00:00',4),(311,'2023-06-12 14:00:00','2023-06-12 15:00:00',4),(312,'2023-06-19 14:00:00','2023-06-19 15:00:00',4),(313,'2023-06-07 14:00:00','2023-06-07 15:00:00',4),(314,'2023-06-14 14:00:00','2023-06-14 15:00:00',4),(315,'2023-06-05 15:00:00','2023-06-05 15:45:00',4),(316,'2023-06-12 15:00:00','2023-06-12 15:45:00',4),(317,'2023-06-19 15:00:00','2023-06-19 15:45:00',4),(318,'2023-06-07 15:00:00','2023-06-07 15:45:00',4),(319,'2023-06-14 15:00:00','2023-06-14 15:45:00',4),(320,'2023-06-05 15:45:00','2023-06-05 16:30:00',4),(321,'2023-06-12 15:45:00','2023-06-12 16:30:00',4),(322,'2023-06-19 15:45:00','2023-06-19 16:30:00',4),(323,'2023-06-07 15:45:00','2023-06-07 16:30:00',4),(324,'2023-06-14 15:45:00','2023-06-14 16:30:00',4);
/*!40000 ALTER TABLE `orariprogettidocente` ENABLE KEYS */;
UNLOCK TABLES;

--
-- Table structure for table `pianificazione`
--

DROP TABLE IF EXISTS `pianificazione`;
/*!40101 SET @saved_cs_client     = @@character_set_client */;
/*!40101 SET character_set_client = utf8 */;
CREATE TABLE `pianificazione` (
  `id` int(11) NOT NULL AUTO_INCREMENT,
  `versione` int(11) NOT NULL,
  `sessioneId` int(11) NOT NULL,
  `inizio` datetime NOT NULL,
  `fine` datetime NOT NULL,
  PRIMARY KEY (`id`),
  KEY `sessioneId` (`sessioneId`),
  CONSTRAINT `pianificazione_ibfk_1` FOREIGN KEY (`sessioneId`) REFERENCES `sessione` (`id`)
) ENGINE=InnoDB AUTO_INCREMENT=2 DEFAULT CHARSET=utf8mb4;
/*!40101 SET character_set_client = @saved_cs_client */;

--
-- Dumping data for table `pianificazione`
--

LOCK TABLES `pianificazione` WRITE;
/*!40000 ALTER TABLE `pianificazione` DISABLE KEYS */;
INSERT INTO `pianificazione` VALUES (1,1,1,'2023-06-02 00:00:00','2023-06-20 00:00:00');
/*!40000 ALTER TABLE `pianificazione` ENABLE KEYS */;
UNLOCK TABLES;

--
-- Table structure for table `pianificazionepresentazione`
--

DROP TABLE IF EXISTS `pianificazionepresentazione`;
/*!40101 SET @saved_cs_client     = @@character_set_client */;
/*!40101 SET character_set_client = utf8 */;
CREATE TABLE `pianificazionepresentazione` (
  `id` int(11) NOT NULL AUTO_INCREMENT,
  `pianificazioneId` int(11) NOT NULL,
  `presentazioneId` int(11) NOT NULL,
  PRIMARY KEY (`id`),
  KEY `pianificazioneId` (`pianificazioneId`),
  KEY `presentazioneId` (`presentazioneId`),
  CONSTRAINT `pianificazionepresentazione_ibfk_1` FOREIGN KEY (`pianificazioneId`) REFERENCES `pianificazione` (`id`),
  CONSTRAINT `pianificazionepresentazione_ibfk_2` FOREIGN KEY (`presentazioneId`) REFERENCES `presentazione` (`id`)
) ENGINE=InnoDB DEFAULT CHARSET=utf8mb4;
/*!40101 SET character_set_client = @saved_cs_client */;

--
-- Dumping data for table `pianificazionepresentazione`
--

LOCK TABLES `pianificazionepresentazione` WRITE;
/*!40000 ALTER TABLE `pianificazionepresentazione` DISABLE KEYS */;
/*!40000 ALTER TABLE `pianificazionepresentazione` ENABLE KEYS */;
UNLOCK TABLES;

--
-- Table structure for table `presentazione`
--

DROP TABLE IF EXISTS `presentazione`;
/*!40101 SET @saved_cs_client     = @@character_set_client */;
/*!40101 SET character_set_client = utf8 */;
CREATE TABLE `presentazione` (
  `id` int(11) NOT NULL AUTO_INCREMENT,
  `progettoId` int(11) NOT NULL,
  `docente2Id` int(11) NOT NULL,
  `aulaId` int(11) NOT NULL,
  `dataOra` datetime NOT NULL,
  PRIMARY KEY (`id`),
  KEY `progettoId` (`progettoId`),
  KEY `docente2Id` (`docente2Id`),
  KEY `aulaId` (`aulaId`),
  CONSTRAINT `presentazione_ibfk_1` FOREIGN KEY (`progettoId`) REFERENCES `progetto` (`id`),
  CONSTRAINT `presentazione_ibfk_2` FOREIGN KEY (`docente2Id`) REFERENCES `docente` (`id`),
  CONSTRAINT `presentazione_ibfk_3` FOREIGN KEY (`aulaId`) REFERENCES `aula` (`id`)
) ENGINE=InnoDB DEFAULT CHARSET=utf8mb4;
/*!40101 SET character_set_client = @saved_cs_client */;

--
-- Dumping data for table `presentazione`
--

LOCK TABLES `presentazione` WRITE;
/*!40000 ALTER TABLE `presentazione` DISABLE KEYS */;
/*!40000 ALTER TABLE `presentazione` ENABLE KEYS */;
UNLOCK TABLES;

--
-- Table structure for table `progetto`
--

DROP TABLE IF EXISTS `progetto`;
/*!40101 SET @saved_cs_client     = @@character_set_client */;
/*!40101 SET character_set_client = utf8 */;
CREATE TABLE `progetto` (
  `id` int(11) NOT NULL AUTO_INCREMENT,
  `nome` text NOT NULL,
  `docenteId` int(11) NOT NULL,
  `allievoId` int(11) NOT NULL,
  PRIMARY KEY (`id`),
  KEY `docenteId` (`docenteId`),
  KEY `allievoId` (`allievoId`),
  CONSTRAINT `progetto_ibfk_1` FOREIGN KEY (`docenteId`) REFERENCES `docente` (`id`),
  CONSTRAINT `progetto_ibfk_2` FOREIGN KEY (`allievoId`) REFERENCES `allievo` (`id`)
) ENGINE=InnoDB AUTO_INCREMENT=4 DEFAULT CHARSET=utf8mb4;
/*!40101 SET character_set_client = @saved_cs_client */;

--
-- Dumping data for table `progetto`
--

LOCK TABLES `progetto` WRITE;
/*!40000 ALTER TABLE `progetto` DISABLE KEYS */;
INSERT INTO `progetto` VALUES (1,'ReteTre Broadcast',1,1),(2,'MarconiSA',4,2),(3,'CFS - Cheapest Fuel Seeker',3,3);
/*!40000 ALTER TABLE `progetto` ENABLE KEYS */;
UNLOCK TABLES;

--
-- Table structure for table `sessione`
--

DROP TABLE IF EXISTS `sessione`;
/*!40101 SET @saved_cs_client     = @@character_set_client */;
/*!40101 SET character_set_client = utf8 */;
CREATE TABLE `sessione` (
  `id` int(11) NOT NULL AUTO_INCREMENT,
  `numeroProgetto` int(1) NOT NULL,
  `annoId` int(3) NOT NULL,
  `responsabile` varchar(45) DEFAULT NULL,
  `capoLaboratorio` varchar(45) DEFAULT NULL,
  PRIMARY KEY (`id`),
  KEY `annoId` (`annoId`),
  CONSTRAINT `sessione_ibfk_1` FOREIGN KEY (`annoId`) REFERENCES `anno` (`id`)
) ENGINE=InnoDB AUTO_INCREMENT=2 DEFAULT CHARSET=utf8mb4;
/*!40101 SET character_set_client = @saved_cs_client */;

--
-- Dumping data for table `sessione`
--

LOCK TABLES `sessione` WRITE;
/*!40000 ALTER TABLE `sessione` DISABLE KEYS */;
INSERT INTO `sessione` VALUES (1,1,1,'Guido Montalbetti','Fabio Piccioni');
/*!40000 ALTER TABLE `sessione` ENABLE KEYS */;
UNLOCK TABLES;
/*!40103 SET TIME_ZONE=@OLD_TIME_ZONE */;

/*!40101 SET SQL_MODE=@OLD_SQL_MODE */;
/*!40014 SET FOREIGN_KEY_CHECKS=@OLD_FOREIGN_KEY_CHECKS */;
/*!40014 SET UNIQUE_CHECKS=@OLD_UNIQUE_CHECKS */;
/*!40101 SET CHARACTER_SET_CLIENT=@OLD_CHARACTER_SET_CLIENT */;
/*!40101 SET CHARACTER_SET_RESULTS=@OLD_CHARACTER_SET_RESULTS */;
/*!40101 SET COLLATION_CONNECTION=@OLD_COLLATION_CONNECTION */;
/*!40111 SET SQL_NOTES=@OLD_SQL_NOTES */;

-- Dump completed on 2023-05-26 10:57:26
